Commodity,0
Amaranthus,
Amla(Nelli Kai),
Apple,
Arhar Dal(Tur Dal),
Arhar(Tur/Red Gram)(Whole),
Ashgourd,
Banana,
Banana - Green,
Beans,
Beetroot,
Betal Leaves,
Bhindi(Ladies Finger),
Bitter gourd,
Bottle gourd,
Brinjal,
Cabbage,
Capsicum,
Carrot,
Cauliflower,
Chikoos(Sapota),
Chow Chow,
Cluster beans,
Coconut,
Colacasia,
Coriander(Leaves),
Cowpea(Veg),
Cucumbar(Kheera),
Drumstick,
Elephant Yam(Suran)/Amorphophallus,
Field Pea,
French Beans(Frasbean),
Galgal(Lemon),
Garlic,
Ginger(Green),
Grapes,
Green Avare(W),
Green Chilli,
Green Gram Dal(Moong Dal),
Green Peas,
Groundnut,
Guava,
Indian Beans(Seam),
Jasmine,
Kakada,
Karbuja(Musk Melon),
Kinnow,
Knool Khol,
Lemon,
Lime,
Mango,
Mango(Raw-Ripe),
Marigold(Calcutta),
Mashrooms,
Masur Dal,
Mint(Pudina),
Mousambi(Sweet Lime),
Mustard,
Onion,
Onion Green,
Orange,
Paddy(Common),
Papaya,
Pea Pod/Pea Cod/हरी मटर,
Peas Wet,
Peas(Dry),
Pineapple,
Pomegranate,
Potato,
Pumpkin,
Raddish,
Rice,
Ridgeguard(Tori),
Rose(Local),
Snakeguard,
Soyabean,
Sweet Potato,
Sweet Pumpkin,
Tamarind Fruit,
Tapioca,
Tender Coconut,
Thondekai,
Tinda,
Tomato,
Turnip,
Water Melon,
Wheat,
Yam(Ratalu),
